{"cameraMode":{"drawMode":0,"name":"Shaded","section":"Shading Mode"},"sceneLighting":true,"audioPlay":false,"sceneViewState":{"m_AlwaysRefresh":false,"showFog":true,"showSkybox":true,"showFlares":true,"showImageEffects":true,"showParticleSystems":true,"showVisualEffectGraphs":true,"m_FxEnabled":false},"in2DMode":false,"pivot":{"x":3.2759294509887697,"y":-2.1356658935546877,"z":39.12519073486328},"rotation":{"x":-0.09236273169517517,"y":0.6727502942085266,"z":-0.08521445840597153,"w":-0.7291397452354431},"size":31.782913208007814,"orthographic":true}