{"cameraMode":{"drawMode":0,"name":"Shaded","section":"Shading Mode"},"sceneLighting":false,"audioPlay":false,"sceneViewState":{"m_AlwaysRefresh":false,"showFog":true,"showSkybox":true,"showFlares":true,"showImageEffects":true,"showParticleSystems":true,"showVisualEffectGraphs":true,"m_FxEnabled":false},"in2DMode":false,"pivot":{"x":-4.776178359985352,"y":-8.250941276550293,"z":12.774864196777344},"rotation":{"x":-0.30971983075141909,"y":-0.024530550464987756,"z":0.008006799034774304,"w":-0.950503408908844},"size":20.094619750976564,"orthographic":true}